{
  "feature_means": {
    "stream": 34759.12396815095,
    "src_port": 26910.22484291815,
    "dst_port": 20746.184752243356,
    "inter_arrival_time": 11295.282883124386,
    "time_since_previously_displayed_frame": 0.12838253407453387,
    "port_class_dst": 1.744242997159358,
    "l4_tcp": 0.6277272983802697,
    "l4_udp": 0.2542717798220366,
    "ttl": 86.5966645973249,
    "eth_size": 565.8121808980943,
    "tcp_window_size": 39917.89037144685,
    "payload_entropy": 1.7576546566887743,
    "handshake_cipher_suites_length": 0.2771064958519104,
    "handshake_ciphersuites": -1.0,
    "handshake_extensions_length": 0.4434669939989089,
    "handshake_sig_hash_alg_len": 0.042508042214571926,
    "http_response_code": 3.325374833041744,
    "dns_query_type": 6.735564026542425,
    "dns_len_qry": 0.5846915740165923,
    "dns_interval": 1.4784674495221701,
    "dns_len_ans": 0.12570404650375303,
    "payload_length": 496.9504355023797,
    "http_content_len": 97.54096732321237,
    "icmp_type": -0.9399387662960663,
    "icmp_checksum_status": -0.9804879884116862,
    "icmp_data_size": -0.7671717741783772,
    "jitter": 22.537662168616507,
    "stream_1_count": 134.8939358880298,
    "stream_1_mean": 564.0069340625674,
    "stream_1_var": 561339.5481625368,
    "src_ip_1_count": 409.39778731796014,
    "src_ip_1_mean": 577.7625833426465,
    "src_ip_1_var": 246731.4260630602,
    "src_ip_mac_1_count": 395.73344479560546,
    "src_ip_mac_1_mean": 560.8454814037946,
    "src_ip_mac_1_var": 244285.49154793198,
    "channel_1_count": 490.64253861203605,
    "channel_1_mean": 565.5719446364991,
    "channel_1_var": 410267.9787512329,
    "stream_jitter_1_sum": 158.1747423456208,
    "stream_jitter_1_mean": 46.80477560722433,
    "stream_jitter_1_var": 1417741.8243593979,
    "stream_5_count": 599.6969608894407,
    "stream_5_mean": 562.1113624761965,
    "stream_5_var": 548888.7182945713,
    "src_ip_5_count": 1613.865206665106,
    "src_ip_5_mean": 577.9754100733561,
    "src_ip_5_var": 242372.24654279358,
    "src_ip_mac_5_count": 1559.7519037944203,
    "src_ip_mac_5_mean": 561.0078346842567,
    "src_ip_mac_5_var": 237355.94725822768,
    "channel_5_count": 1960.8653023120191,
    "channel_5_mean": 563.8340213055374,
    "channel_5_var": 400326.6351517824,
    "stream_jitter_5_sum": 215.80123694823374,
    "stream_jitter_5_mean": 49.67329303897018,
    "stream_jitter_5_var": 1683040.5255126292,
    "stream_10_count": 1136.986326824313,
    "stream_10_mean": 561.276682558462,
    "stream_10_var": 537605.4443129218,
    "src_ip_10_count": 2840.4338470658263,
    "src_ip_10_mean": 577.6471276844615,
    "src_ip_10_var": 238592.61491393883,
    "src_ip_mac_10_count": 2745.0952019489437,
    "src_ip_mac_10_mean": 560.6865184578551,
    "src_ip_mac_10_var": 232551.64953832753,
    "channel_10_count": 3474.7545981714543,
    "channel_10_mean": 563.9710903089149,
    "channel_10_var": 392029.806109207,
    "stream_jitter_10_sum": 243.32860358167,
    "stream_jitter_10_mean": 50.61246822919215,
    "stream_jitter_10_var": 1772101.2118245666,
    "stream_30_count": 3019.8585567281825,
    "stream_30_mean": 558.5907123446196,
    "stream_30_var": 536113.4559298529,
    "src_ip_30_count": 5928.237714879197,
    "src_ip_30_mean": 577.1984889539416,
    "src_ip_30_var": 240164.3182315295,
    "src_ip_mac_30_count": 5729.086388904566,
    "src_ip_mac_30_mean": 560.2569629678668,
    "src_ip_mac_30_var": 232894.0032843016,
    "channel_30_count": 7389.5881741821395,
    "channel_30_mean": 563.6345181129586,
    "channel_30_var": 386303.1278942772,
    "stream_jitter_30_sum": 321.6279028402659,
    "stream_jitter_30_mean": 52.26263336745149,
    "stream_jitter_30_var": 2075443.1234550995,
    "stream_60_count": 5423.973223187915,
    "stream_60_mean": 555.5006002014092,
    "stream_60_var": 535041.3556754255,
    "src_ip_60_count": 8912.044173337143,
    "src_ip_60_mean": 577.4476111009909,
    "src_ip_60_var": 242123.98254515277,
    "src_ip_mac_60_count": 8612.626076998326,
    "src_ip_mac_60_mean": 560.4951047576,
    "src_ip_mac_60_var": 234442.08727428617,
    "channel_60_count": 11311.629282596836,
    "channel_60_mean": 562.8627035596609,
    "channel_60_var": 386111.5913094528,
    "stream_jitter_60_sum": 405.6047471549351,
    "stream_jitter_60_mean": 53.88979090679542,
    "stream_jitter_60_var": 2432588.322309109,
    "ntp_interval": 0.7062389043460432,
    "most_freq_spot": 21692.975852181204,
    "min_et": 178.74656759531558,
    "q1": 288.5820207508046,
    "min_e": 212.74656759531558,
    "var_e": 298876.6300536301,
    "q1_e": 322.5820207508046,
    "sum_p": 9327.677816034491,
    "min_p": 117.22970409809814,
    "max_p": 1082.5597971855998,
    "med_p": 423.4173299929125,
    "average_p": 466.38389080172453,
    "var_p": 307453.03957874293,
    "q3_p": 651.2104219389836,
    "q1_p": 225.88864502259582,
    "iqr_p": 425.32177691638776,
    "l3_ip_dst_count": 32.84654788952908
  },
  "feature_stds": {
    "stream": 60016.615147416596,
    "src_port": 23502.256085031262,
    "dst_port": 23244.202415314845,
    "inter_arrival_time": 48760.21116684462,
    "time_since_previously_displayed_frame": 169.86293657236453,
    "port_class_dst": 0.8905573042858584,
    "l4_tcp": 0.4834106402967225,
    "l4_udp": 0.4354511809449218,
    "ttl": 65.33210595869502,
    "eth_size": 772.3848011761413,
    "tcp_window_size": 2658413.825814462,
    "payload_entropy": 1.65772203001587,
    "handshake_cipher_suites_length": 5.680663504721753,
    "handshake_ciphersuites": 1.0,
    "handshake_extensions_length": 10.239181975736376,
    "handshake_sig_hash_alg_len": 1.170708585565452,
    "http_response_code": 26.34938899197598,
    "dns_query_type": 301.04512982906977,
    "dns_len_qry": 3.9832906009215496,
    "dns_interval": 538.0020084362349,
    "dns_len_ans": 1.875524656940116,
    "payload_length": 810.7319340525015,
    "http_content_len": 28743.529819306397,
    "icmp_type": 0.6779425357736227,
    "icmp_checksum_status": 0.19657904963284117,
    "icmp_data_size": 3.482665617671831,
    "jitter": 1207.2629903372417,
    "stream_1_count": 368.2830292222636,
    "stream_1_mean": 543.408478144671,
    "stream_1_var": 862841.3924119477,
    "src_ip_1_count": 747.3084427647585,
    "src_ip_1_mean": 620.0488600397103,
    "src_ip_1_var": 590367.7294371142,
    "src_ip_mac_1_count": 738.265933375899,
    "src_ip_mac_1_mean": 616.3132827722038,
    "src_ip_mac_1_var": 587924.4130190595,
    "channel_1_count": 874.5435595563541,
    "channel_1_mean": 470.3390776341154,
    "channel_1_var": 690427.1467861803,
    "stream_jitter_1_sum": 2360.962107939459,
    "stream_jitter_1_mean": 1372.5664051223407,
    "stream_jitter_1_var": 178562373.56153172,
    "stream_5_count": 1718.4535522529854,
    "stream_5_mean": 518.646997197261,
    "stream_5_var": 769940.7527984151,
    "src_ip_5_count": 3182.699579763206,
    "src_ip_5_mean": 609.5452431423738,
    "src_ip_5_var": 481451.3661077785,
    "src_ip_mac_5_count": 3142.0787183766024,
    "src_ip_mac_5_mean": 606.1143258292566,
    "src_ip_mac_5_var": 477650.8713726233,
    "channel_5_count": 3794.3057490233455,
    "channel_5_mean": 460.7364196899866,
    "channel_5_var": 638967.0913937713,
    "stream_jitter_5_sum": 2890.912681815975,
    "stream_jitter_5_mean": 1398.570413751255,
    "stream_jitter_5_var": 185677902.70073766,
    "stream_10_count": 3309.6503485260937,
    "stream_10_mean": 511.7760611360347,
    "stream_10_var": 747181.5489313712,
    "src_ip_10_count": 5597.507079950816,
    "src_ip_10_mean": 607.2646143454444,
    "src_ip_10_var": 464476.0707296657,
    "src_ip_mac_10_count": 5526.145154771144,
    "src_ip_mac_10_mean": 603.8873986852384,
    "src_ip_mac_10_var": 460043.18907903647,
    "channel_10_count": 6763.602352186568,
    "channel_10_mean": 459.41493229571273,
    "channel_10_var": 627221.2933097914,
    "stream_jitter_10_sum": 3199.3633452456415,
    "stream_jitter_10_mean": 1408.8253021908226,