{
  "feature_means": {
    "stream": 34681.612565137235,
    "src_port": 26879.48907951916,
    "dst_port": 20729.400017871587,
    "inter_arrival_time": 11327.408724451552,
    "time_since_previously_displayed_frame": 0.014719250239855522,
    "port_class_dst": 1.7431852813364186,
    "l4_tcp": 0.6275819741520402,
    "l4_udp": 0.2543056417781289,
    "ttl": 86.71975233741558,
    "eth_size": 566.4020613465772,
    "tcp_window_size": 41066.494850160845,
    "payload_entropy": 1.7555637235892443,
    "handshake_cipher_suites_length": 0.2796339146302462,
    "handshake_ciphersuites": -1.0,
    "handshake_extensions_length": 0.4446427563632259,
    "handshake_sig_hash_alg_len": 0.04088360893203153,
    "http_response_code": 3.315254811219595,
    "dns_query_type": 8.066689913695406,
    "dns_len_qry": 0.5908017758714751,
    "dns_interval": 3.2159309649528756,
    "dns_len_ans": 0.1218912843087458,
    "payload_length": 497.4058543559644,
    "http_content_len": 209.3472426021032,
    "icmp_type": -0.9391613522207799,
    "icmp_checksum_status": -0.9804259081588502,
    "icmp_data_size": -0.7663172300919916,
    "jitter": 21.65933474241617,
    "stream_1_count": 135.51998560866866,
    "stream_1_mean": 563.9188109886555,
    "stream_1_var": 563252.3446265582,
    "src_ip_1_count": 408.7410675609246,
    "src_ip_1_mean": 577.9586197599971,
    "src_ip_1_var": 247734.7701530728,
    "src_ip_mac_1_count": 395.0829688470004,
    "src_ip_mac_1_mean": 560.9992642679746,
    "src_ip_mac_1_var": 245190.11616261894,
    "channel_1_count": 490.56120078258743,
    "channel_1_mean": 565.5175956286445,
    "channel_1_var": 411435.3408688965,
    "stream_jitter_1_sum": 155.1355188977157,
    "stream_jitter_1_mean": 45.52210911779106,
    "stream_jitter_1_var": 1303043.3903151061,
    "stream_5_count": 601.9884163891868,
    "stream_5_mean": 562.1531023886573,
    "stream_5_var": 550717.6491995446,
    "src_ip_5_count": 1613.9593446867746,
    "src_ip_5_mean": 577.9613486465772,
    "src_ip_5_var": 241987.43321717184,
    "src_ip_mac_5_count": 1559.7697081287506,
    "src_ip_mac_5_mean": 560.9611599540692,
    "src_ip_mac_5_var": 236933.29152415608,
    "channel_5_count": 1962.1049414940649,
    "channel_5_mean": 563.7188991336427,
    "channel_5_var": 400979.1223815593,
    "stream_jitter_5_sum": 214.752808514874,
    "stream_jitter_5_mean": 48.549502302745374,
    "stream_jitter_5_var": 1601259.8238611598,
    "stream_10_count": 1140.2692425268544,
    "stream_10_mean": 561.3340857688221,
    "stream_10_var": 539134.2290442899,
    "src_ip_10_count": 2840.486371976891,
    "src_ip_10_mean": 577.5706621198308,
    "src_ip_10_var": 237959.5439879977,
    "src_ip_mac_10_count": 2745.009643602912,
    "src_ip_mac_10_mean": 560.57622304992,
    "src_ip_mac_10_var": 231904.964669702,
    "channel_10_count": 3476.4034910736123,
    "channel_10_mean": 563.8612429519667,
    "channel_10_var": 392403.740208596,
    "stream_jitter_10_sum": 240.90644220306768,
    "stream_jitter_10_mean": 49.298621198281715,
    "stream_jitter_10_var": 1636481.9392998081,
    "stream_30_count": 3030.1626902383505,
    "stream_30_mean": 558.72007837046,
    "stream_30_var": 537564.798275183,
    "src_ip_30_count": 5925.752081923887,
    "src_ip_30_mean": 577.3725263492704,
    "src_ip_30_var": 240069.8750317829,
    "src_ip_mac_30_count": 5726.396046146321,
    "src_ip_mac_30_mean": 560.3909440222856,
    "src_ip_mac_30_var": 232797.8116572405,
    "channel_30_count": 7389.633827623831,
    "channel_30_mean": 563.5036927427083,
    "channel_30_var": 386705.4285864165,
    "stream_jitter_30_sum": 319.68090938282694,
    "stream_jitter_30_mean": 50.54801202504625,
    "stream_jitter_30_var": 1844311.8097439306,
    "stream_60_count": 5453.217459600805,
    "stream_60_mean": 555.6452977909381,
    "stream_60_var": 536402.9669107215,
    "src_ip_60_count": 8905.810823570639,
    "src_ip_60_mean": 577.7182320685749,
    "src_ip_60_var": 242246.70309858138,
    "src_ip_mac_60_count": 8606.16837387362,
    "src_ip_mac_60_mean": 560.7226009260198,
    "src_ip_mac_60_var": 234568.42566197435,
    "channel_60_count": 11312.561934458303,
    "channel_60_mean": 562.7044691836828,
    "channel_60_var": 386621.50953922793,
    "stream_jitter_60_sum": 401.6962032511966,
    "stream_jitter_60_mean": 51.84059605511274,
    "stream_jitter_60_var": 2108821.873869596,
    "ntp_interval": 0.09019586339052252,
    "most_freq_spot": 21631.23067046673,
    "min_et": 178.52948812009708,
    "q1": 287.68703968903435,
    "min_e": 212.52948812009708,
    "var_e": 300107.78615367785,
    "q1_e": 321.68703968903435,
    "sum_p": 9322.660848994488,
    "min_p": 116.94762684124386,
    "max_p": 1084.4988265891604,
    "med_p": 422.785429247324,
    "average_p": 466.13304244972437,
    "var_p": 308629.7428967369,
    "q3_p": 651.1166979419455,
    "q1_p": 224.9545550209756,
    "iqr_p": 426.16214292097,
    "l3_ip_dst_count": 32.81774507590722
  },
  "feature_stds": {
    "stream": 59919.03111668281,
    "src_port": 23516.118144906333,
    "dst_port": 23225.69518924407,
    "inter_arrival_time": 48832.03426537213,
    "time_since_previously_displayed_frame": 2.2244025800911946,
    "port_class_dst": 0.8903622540817102,
    "l4_tcp": 0.4834494694151584,
    "l4_udp": 0.4354706973708976,
    "ttl": 65.45248368775964,
    "eth_size": 776.133090434375,
    "tcp_window_size": 2855365.575005467,
    "payload_entropy": 1.6576176238267117,
    "handshake_cipher_suites_length": 5.717984371388557,
    "handshake_ciphersuites": 1.0,
    "handshake_extensions_length": 10.291449195825255,
    "handshake_sig_hash_alg_len": 1.1457609253859937,
    "http_response_code": 26.295082818208222,
    "dns_query_type": 347.2105773198863,
    "dns_len_qry": 4.0031532703517865,
    "dns_interval": 850.6074051434363,
    "dns_len_ans": 1.8291801832845689,
    "payload_length": 814.2213350785245,
    "http_content_len": 64018.28536586843,
    "icmp_type": 0.6845565073803758,
    "icmp_checksum_status": 0.19688862274914487,
    "icmp_data_size": 3.480067782449724,
    "jitter": 1054.2309508543929,
    "stream_1_count": 368.8778526104301,
    "stream_1_mean": 543.4918032993332,
    "stream_1_var": 883651.1085031561,
    "src_ip_1_count": 747.4844899395742,
    "src_ip_1_mean": 621.2062958786073,
    "src_ip_1_var": 605465.2878869826,
    "src_ip_mac_1_count": 738.4095871126293,
    "src_ip_mac_1_mean": 617.4395968943994,
    "src_ip_mac_1_var": 602849.0432329111,
    "channel_1_count": 875.2594358780508,
    "channel_1_mean": 470.883885454346,
    "channel_1_var": 708420.700693459,
    "stream_jitter_1_sum": 2140.1116054303225,
    "stream_jitter_1_mean": 1235.6204386884692,
    "stream_jitter_1_var": 176188534.4770089,
    "stream_5_count": 1721.8899444074427,
    "stream_5_mean": 518.7777058220385,
    "stream_5_var": 792258.7599570944,
    "src_ip_5_count": 3192.582870187721,
    "src_ip_5_mean": 610.3610757149052,
    "src_ip_5_var": 481018.5582603616,
    "src_ip_mac_5_count": 3151.6849377620456,
    "src_ip_mac_5_mean": 606.9032167131036,
    "src_ip_mac_5_var": 477185.83083846595,
    "channel_5_count": 3804.0823039210204,
    "channel_5_mean": 461.1913307521241,
    "channel_5_var": 656422.9032312596,
    "stream_jitter_5_sum": 2768.7040098479383,
    "stream_jitter_5_mean": 1262.0528709904547,
    "stream_jitter_5_var": 182420017.5733541,
    "stream_10_count": 3314.965781136267,
    "stream_10_mean": 512.0419132662705,
    "stream_10_var": 762533.8934707843,
    "src_ip_10_count": 5617.358760670861,
    "src_ip_10_mean": 607.9971074459452,
    "src_ip_10_var": 463287.362959429,
    "src_ip_mac_10_count": 5545.458527531262,
    "src_ip_mac_10_mean": 604.5965084375966,
    "src_ip_mac_10_var": 458846.70047062234,
    "channel_10_count": 6784.812136950151,
    "channel_10_mean": 459.8260770517004,
    "channel_10_var": 638487.4296376968,
    "stream_jitter_10_sum": 3032.7524498782786,
    "stream_jitter_10_mean": 1265.7775584285105,