{
  "means": {
    "stream": 34759.12396815095,
    "src_port": 26910.22484291815,
    "dst_port": 20746.184752243356,
    "inter_arrival_time": 11295.282883124386,
    "time_since_previously_displayed_frame": 0.12838253407453387,
    "port_class_dst": 1.744242997159358,
    "l4_tcp": 0.6277272983802697,
    "l4_udp": 0.2542717798220366,
    "ttl": 86.5966645973249,
    "eth_size": 565.8121808980943,
    "tcp_window_size": 39917.89037144685,
    "payload_entropy": 1.7576546566887743,
    "handshake_cipher_suites_length": 0.2771064958519104,
    "handshake_ciphersuites": -1.0,
    "handshake_extensions_length": 0.4434669939989089,
    "handshake_sig_hash_alg_len": 0.042508042214571926,
    "http_response_code": 3.325374833041744,
    "dns_query_type": 0.17949846680587694,
    "dns_len_qry": 0.5846915740165923,
    "dns_interval": 1.4784674495221701,
    "dns_len_ans": 0.12570404650375303,
    "payload_length": 496.9504355023797,
    "http_content_len": 97.54096732321237,
    "icmp_type": -0.9399387662960663,
    "icmp_checksum_status": -0.9804879884116862,
    "icmp_data_size": -0.7671717741783772,
    "jitter": 15.018303185913906,
    "stream_1_count": 134.8939358880298,
    "stream_1_mean": 564.0069340625674,
    "stream_1_var": 313865.4943652882,
    "src_ip_1_count": 395.6158375190474,
    "src_ip_1_mean": 558.3128081704757,
    "src_ip_1_var": 214161.1325960267,
    "src_ip_mac_1_count": 395.73344479560546,
    "src_ip_mac_1_mean": 560.8454814037946,
    "src_ip_mac_1_var": 214173.51453726625,
    "channel_1_count": 490.64253861203605,
    "channel_1_mean": 565.5719446364991,
    "channel_1_var": 375908.4117853831,
    "stream_jitter_1_sum": 105.40206961697355,
    "stream_jitter_1_mean": 31.189051701945555,
    "stream_jitter_1_var": 757279.8197234566,
    "stream_5_count": 599.6969608894407,
    "stream_5_mean": 562.1113624761965,
    "stream_5_var": 333028.83592581114,
    "src_ip_5_count": 1559.536116598002,
    "src_ip_5_mean": 558.5184703111231,
    "src_ip_5_var": 223084.41846134944,
    "src_ip_mac_5_count": 1559.7519037944203,
    "src_ip_mac_5_mean": 561.0078346842567,
    "src_ip_mac_5_var": 223116.13091226135,
    "channel_5_count": 1960.8653023120191,
    "channel_5_mean": 563.8340213055374,
    "channel_5_var": 379307.7358432672,
    "stream_jitter_5_sum": 143.80233318506478,
    "stream_jitter_5_mean": 33.100530548408486,
    "stream_jitter_5_var": 974646.59316617,
    "stream_10_count": 1136.986326824313,
    "stream_10_mean": 561.276682558462,
    "stream_10_var": 338574.2645565605,
    "src_ip_10_count": 2744.81360215964,
    "src_ip_10_mean": 558.2012392066852,
    "src_ip_10_var": 224971.62344218613,
    "src_ip_mac_10_count": 2745.0952019489437,
    "src_ip_mac_10_mean": 560.6865184578551,
    "src_ip_mac_10_var": 225007.51250940625,
    "channel_10_count": 3474.7545981714543,
    "channel_10_mean": 563.9710903089149,
    "channel_10_var": 381185.1378785236,
    "stream_jitter_10_sum": 162.14559944390646,
    "stream_jitter_10_mean": 33.72636377130073,
    "stream_jitter_10_var": 1065654.3322080646,
    "stream_30_count": 3019.8585567281825,
    "stream_30_mean": 558.5907123446196,
    "stream_30_var": 345382.29692951404,
    "src_ip_30_count": 5728.669771149614,
    "src_ip_30_mean": 557.7677034314167,
    "src_ip_30_var": 229723.40299520778,
    "src_ip_mac_30_count": 5729.086388904566,
    "src_ip_mac_30_mean": 560.2569629678668,
    "src_ip_mac_30_var": 229767.5446665527,
    "channel_30_count": 7389.5881741821395,
    "channel_30_mean": 563.6345181129586,
    "channel_30_var": 381342.8931190973,
    "stream_jitter_30_sum": 214.32149092335453,
    "stream_jitter_30_mean": 34.82597561958347,
    "stream_jitter_30_var": 1275258.227316473,
    "stream_60_count": 5423.973223187915,
    "stream_60_mean": 555.5006002014092,
    "stream_60_var": 348676.4677188061,
    "src_ip_60_count": 8612.029495174671,
    "src_ip_60_mean": 558.0084391410431,
    "src_ip_60_var": 232612.13161960244,
    "src_ip_mac_60_count": 8612.626076998326,
    "src_ip_mac_60_mean": 560.4951047576,
    "src_ip_mac_60_var": 232661.06923539122,
    "channel_60_count": 11311.629282596836,
    "channel_60_mean": 562.8627035596609,
    "channel_60_var": 382926.49935939553,
    "stream_jitter_60_sum": 270.2806981862173,
    "stream_jitter_60_mean": 35.910256015406475,
    "stream_jitter_60_var": 1506828.9152973394,
    "ntp_interval": 0.7062385721983936,
    "most_freq_spot": 21692.965649867376,
    "min_et": 178.7464835299208,
    "q1": 288.581885029253,
    "min_e": 212.74646753955264,
    "var_e": 298876.4894904728,
    "q1_e": 322.5818690388848,
    "sum_p": 9327.673429181481,
    "min_p": 117.2296489643885,
    "max_p": 1082.5592880523732,
    "med_p": 423.4171308576481,
    "average_p": 466.3836714590741,
    "var_p": 307452.89498205786,
    "q3_p": 651.2101156715014,
    "q1_p": 225.88853878604888,
    "iqr_p": 425.32157688545254,
    "l3_ip_dst_count": 32.846532441635155
  },
  "stds": {
    "stream": 60016.615147416596,
    "src_port": 23502.256085031262,
    "dst_port": 23244.202415314845,
    "inter_arrival_time": 48760.21116684462,
    "time_since_previously_displayed_frame": 169.86293657236453,
    "port_class_dst": 0.8905573042858584,
    "l4_tcp": 0.4834106402967225,
    "l4_udp": 0.4354511809449218,
    "ttl": 65.33210595869502,
    "eth_size": 772.3848011761413,
    "tcp_window_size": 2658413.825814462,
    "payload_entropy": 1.65772203001587,
    "handshake_cipher_suites_length": 5.680663504721753,
    "handshake_ciphersuites": 1.0,
    "handshake_extensions_length": 10.239181975736376,
    "handshake_sig_hash_alg_len": 1.170708585565452,
    "http_response_code": 26.34938899197598,
    "dns_query_type": 49.15605761808697,
    "dns_len_qry": 3.9832906009215496,
    "dns_interval": 538.0020084362349,
    "dns_len_ans": 1.875524656940116,
    "payload_length": 810.7319340525015,
    "http_content_len": 28743.529819306397,
    "icmp_type": 0.6779425357736227,
    "icmp_checksum_status": 0.19657904963284117,
    "icmp_data_size": 3.482665617671831,
    "jitter": 985.5600360831328,
    "stream_1_count": 368.2830292222636,
    "stream_1_mean": 543.408478144671,
    "stream_1_var": 702814.3510799468,
    "src_ip_1_count": 738.3237450981633,
    "src_ip_1_mean": 618.366542956152,
    "src_ip_1_var": 556327.572422956,
    "src_ip_mac_1_count": 738.265933375899,
    "src_ip_mac_1_mean": 616.3132827722038,
    "src_ip_mac_1_var": 556324.4830356482,
    "channel_1_count": 874.5435595563541,
    "channel_1_mean": 470.3390776341154,
    "channel_1_var": 670584.3436623293,
    "stream_jitter_1_sum": 1928.7231944326136,
    "stream_jitter_1_mean": 1120.6591542976203,
    "stream_jitter_1_var": 130504610.31479493,
    "stream_5_count": 1718.4535522529854,
    "stream_5_mean": 518.646997197261,
    "stream_5_var": 656935.3551077765,
    "src_ip_5_count": 3142.1812541369236,
    "src_ip_5_mean": 608.1979728263703,
    "src_ip_5_var": 466531.98641579325,
    "src_ip_mac_5_count": 3142.0787183766024,
    "src_ip_mac_5_mean": 606.1143258292566,
    "src_ip_mac_5_var": 466518.9622682821,
    "channel_5_count": 3794.3057490233455,
    "channel_5_mean": 460.7364196899866,
    "channel_5_var": 628343.1692631744,
    "stream_jitter_5_sum": 2362.0781109593177,
    "stream_jitter_5_mean": 1141.9094283628897,
    "stream_jitter_5_var": 141300583.3565823,
    "stream_10_count": 3309.6503485260937,
    "stream_10_mean": 511.7760611360347,
    "stream_10_var": 647287.9319358466,
    "src_ip_10_count": 5526.281108010367,
    "src_ip_10_mean": 605.9791761818274,
    "src_ip_10_var": 454407.42163470486,
    "src_ip_mac_10_count": 5526.145154771144,
    "src_ip_mac_10_mean": 603.8873986852384,
    "src_ip_mac_10_var": 454391.33010074147,
    "channel_10_count": 6763.602352186568,
    "channel_10_mean": 459.41493229571273,
    "channel_10_var": 621817.9967056449,
    "stream_jitter_10_sum": 2614.196208782065,
    "stream_jitter_10_mean": 1150.2879661516017,