attack_label,count,percentage
ddos,700000,58.333333333333336
benign,400000,33.333333333333336
brute force,100000,8.333333333333334
