epoch,train_loss_dev,train_acc_dev,val_loss_att,val_loss_dev,val_att_acc,val_dev_acc,lr
1,2.190542363936731,0.43878326710019266,0.4110740120658238,1.4837300671567306,0.9465358008217157,0.5787367875829617,0.0002889701661748717
2,1.5642174569627914,0.5505168819243738,0.4117566136914148,1.3657210573544096,0.9465599431119851,0.5999359131931032,0.00023882853249020374
3,1.5194064198718595,0.5581068799674855,0.4114933047384368,1.3311191433939609,0.9466148119535064,0.6058529690627524,0.00016238063553142927
4,1.5049487889559512,0.5608013645532274,0.41117613129381864,1.3175542194086352,0.9464282578923342,0.6076790041085789,8.226625609613243e-05
5,1.500143100789287,0.5617045437439788,0.41161533551683804,1.3146073040418187,0.9461385504091021,0.6090990097271483,2.2210991111167687e-05
6,1.4984953906207645,0.5619491547748073,0.41168201402963644,1.3161192283154153,0.9460441760016856,0.6078128840818906,0.0
