epoch,train_loss_joint,val_loss_att,val_loss_dev,val_att_acc,val_dev_acc,combined_metric,lr
1,0.5349675399001853,0.41072635394525475,1.2154616838501684,0.946706991607262,0.6305790638058785,0.8518686132668469,9.865194431348005e-06
2,0.5276458355847581,0.41093748149738035,1.1769354910555316,0.9472666537907786,0.6416208694736103,0.855572918495628,8.43113269351833e-06
3,0.5236112269463452,0.4091778449175477,1.1491297033976173,0.9482784352284299,0.6457579801243108,0.8575222986971941,5.868164227341026e-06
4,0.5213004993077418,0.40913368547783646,1.1372549776097096,0.9476265933911577,0.6499982441970713,0.8583380886329317,3.0195535184700953e-06
5,0.5198985586850859,0.4082590816801852,1.1309612285773958,0.9481226077185096,0.6512163324788426,0.8590507251466095,8.225466844230607e-07
6,0.5193733833873777,0.40814923274679066,1.1307814046607099,0.9482586824454823,0.651633335674404,0.8592710784141587,0.0
