epoch,train_loss,train_acc,val_loss,val_acc,lr
1,0.7128841328310829,0.830568287873314,0.5831963601174991,0.8759766653790778,0.0002889701661748717
2,0.51987369406631,0.9079533395050579,0.4878945273642552,0.9129802121009938,0.00023882853249020374
3,0.47907245821662264,0.9247604693521194,0.4509473308718355,0.9280252484461144,0.00016238063553142927
4,0.45628980425166715,0.9340707415101156,0.42761448078239744,0.9398791129683605,8.226625609613243e-05
5,0.4413309556096505,0.9399235308285164,0.4117389732994223,0.9482213716332479,2.2210991111167687e-05
6,0.4337594401672741,0.943000455352842,0.4079853156504012,0.9480611546160059,0.0
